slug,month,avg_high_f,avg_low_f,wet_days,source
angels-landing-zion-ut,1,42,23,7,"Open-Meteo ERA5 historical, 2015-2024"
angels-landing-zion-ut,2,46,24,6,"Open-Meteo ERA5 historical, 2015-2024"
angels-landing-zion-ut,3,54,30,8,"Open-Meteo ERA5 historical, 2015-2024"
angels-landing-zion-ut,4,66,38,4,"Open-Meteo ERA5 historical, 2015-2024"
angels-landing-zion-ut,5,74,47,4,"Open-Meteo ERA5 historical, 2015-2024"
angels-landing-zion-ut,6,88,59,0,"Open-Meteo ERA5 historical, 2015-2024"
angels-landing-zion-ut,7,92,65,4,"Open-Meteo ERA5 historical, 2015-2024"
angels-landing-zion-ut,8,89,62,5,"Open-Meteo ERA5 historical, 2015-2024"
angels-landing-zion-ut,9,82,55,3,"Open-Meteo ERA5 historical, 2015-2024"
angels-landing-zion-ut,10,69,44,3,"Open-Meteo ERA5 historical, 2015-2024"
angels-landing-zion-ut,11,55,32,4,"Open-Meteo ERA5 historical, 2015-2024"
angels-landing-zion-ut,12,44,24,6,"Open-Meteo ERA5 historical, 2015-2024"
bishop-pass-long-lake-ca,1,30,18,8,"Open-Meteo ERA5 historical, 2015-2024"
bishop-pass-long-lake-ca,2,30,17,7,"Open-Meteo ERA5 historical, 2015-2024"
bishop-pass-long-lake-ca,3,33,18,9,"Open-Meteo ERA5 historical, 2015-2024"
bishop-pass-long-lake-ca,4,41,24,4,"Open-Meteo ERA5 historical, 2015-2024"
bishop-pass-long-lake-ca,5,49,31,9,"Open-Meteo ERA5 historical, 2015-2024"
bishop-pass-long-lake-ca,6,63,44,6,"Open-Meteo ERA5 historical, 2015-2024"
bishop-pass-long-lake-ca,7,69,51,8,"Open-Meteo ERA5 historical, 2015-2024"
bishop-pass-long-lake-ca,8,68,50,6,"Open-Meteo ERA5 historical, 2015-2024"
bishop-pass-long-lake-ca,9,62,44,3,"Open-Meteo ERA5 historical, 2015-2024"
bishop-pass-long-lake-ca,10,52,36,3,"Open-Meteo ERA5 historical, 2015-2024"
bishop-pass-long-lake-ca,11,40,26,4,"Open-Meteo ERA5 historical, 2015-2024"
bishop-pass-long-lake-ca,12,32,19,8,"Open-Meteo ERA5 historical, 2015-2024"
black-canyon-water-trail-nv,1,61,44,5,"Open-Meteo ERA5 historical, 2015-2024"
black-canyon-water-trail-nv,2,67,47,3,"Open-Meteo ERA5 historical, 2015-2024"
black-canyon-water-trail-nv,3,74,53,4,"Open-Meteo ERA5 historical, 2015-2024"
black-canyon-water-trail-nv,4,85,62,2,"Open-Meteo ERA5 historical, 2015-2024"
black-canyon-water-trail-nv,5,92,69,1,"Open-Meteo ERA5 historical, 2015-2024"
black-canyon-water-trail-nv,6,105,81,0,"Open-Meteo ERA5 historical, 2015-2024"
black-canyon-water-trail-nv,7,109,87,2,"Open-Meteo ERA5 historical, 2015-2024"
black-canyon-water-trail-nv,8,106,85,3,"Open-Meteo ERA5 historical, 2015-2024"
black-canyon-water-trail-nv,9,99,77,2,"Open-Meteo ERA5 historical, 2015-2024"
black-canyon-water-trail-nv,10,86,64,2,"Open-Meteo ERA5 historical, 2015-2024"
black-canyon-water-trail-nv,11,71,51,1,"Open-Meteo ERA5 historical, 2015-2024"
black-canyon-water-trail-nv,12,61,43,2,"Open-Meteo ERA5 historical, 2015-2024"
bright-angel-trail-gc-az,1,38,21,7,"Open-Meteo ERA5 historical, 2015-2024"
bright-angel-trail-gc-az,2,44,24,5,"Open-Meteo ERA5 historical, 2015-2024"
bright-angel-trail-gc-az,3,51,29,7,"Open-Meteo ERA5 historical, 2015-2024"
bright-angel-trail-gc-az,4,63,37,4,"Open-Meteo ERA5 historical, 2015-2024"
bright-angel-trail-gc-az,5,70,44,4,"Open-Meteo ERA5 historical, 2015-2024"
bright-angel-trail-gc-az,6,84,56,2,"Open-Meteo ERA5 historical, 2015-2024"
bright-angel-trail-gc-az,7,86,61,6,"Open-Meteo ERA5 historical, 2015-2024"
bright-angel-trail-gc-az,8,83,59,7,"Open-Meteo ERA5 historical, 2015-2024"
bright-angel-trail-gc-az,9,78,53,4,"Open-Meteo ERA5 historical, 2015-2024"
bright-angel-trail-gc-az,10,65,41,4,"Open-Meteo ERA5 historical, 2015-2024"
bright-angel-trail-gc-az,11,52,30,3,"Open-Meteo ERA5 historical, 2015-2024"
bright-angel-trail-gc-az,12,41,24,4,"Open-Meteo ERA5 historical, 2015-2024"
bryce-rim-trail-ut,1,30,15,6,"Open-Meteo ERA5 historical, 2015-2024"
bryce-rim-trail-ut,2,33,16,6,"Open-Meteo ERA5 historical, 2015-2024"
bryce-rim-trail-ut,3,40,23,8,"Open-Meteo ERA5 historical, 2015-2024"
bryce-rim-trail-ut,4,52,31,5,"Open-Meteo ERA5 historical, 2015-2024"
bryce-rim-trail-ut,5,62,40,8,"Open-Meteo ERA5 historical, 2015-2024"
bryce-rim-trail-ut,6,76,52,4,"Open-Meteo ERA5 historical, 2015-2024"
bryce-rim-trail-ut,7,80,58,9,"Open-Meteo ERA5 historical, 2015-2024"
bryce-rim-trail-ut,8,77,56,9,"Open-Meteo ERA5 historical, 2015-2024"
bryce-rim-trail-ut,9,71,50,5,"Open-Meteo ERA5 historical, 2015-2024"
bryce-rim-trail-ut,10,58,38,4,"Open-Meteo ERA5 historical, 2015-2024"
bryce-rim-trail-ut,11,44,27,4,"Open-Meteo ERA5 historical, 2015-2024"
bryce-rim-trail-ut,12,34,18,5,"Open-Meteo ERA5 historical, 2015-2024"
calico-hills-red-rock-nv,1,50,38,5,"Open-Meteo ERA5 historical, 2015-2024"
calico-hills-red-rock-nv,2,55,38,4,"Open-Meteo ERA5 historical, 2015-2024"
calico-hills-red-rock-nv,3,60,42,6,"Open-Meteo ERA5 historical, 2015-2024"
calico-hills-red-rock-nv,4,71,50,3,"Open-Meteo ERA5 historical, 2015-2024"
calico-hills-red-rock-nv,5,78,56,4,"Open-Meteo ERA5 historical, 2015-2024"
calico-hills-red-rock-nv,6,91,68,2,"Open-Meteo ERA5 historical, 2015-2024"
calico-hills-red-rock-nv,7,95,74,4,"Open-Meteo ERA5 historical, 2015-2024"
calico-hills-red-rock-nv,8,92,72,5,"Open-Meteo ERA5 historical, 2015-2024"
calico-hills-red-rock-nv,9,85,66,2,"Open-Meteo ERA5 historical, 2015-2024"
calico-hills-red-rock-nv,10,73,56,2,"Open-Meteo ERA5 historical, 2015-2024"
calico-hills-red-rock-nv,11,60,45,2,"Open-Meteo ERA5 historical, 2015-2024"
calico-hills-red-rock-nv,12,51,39,3,"Open-Meteo ERA5 historical, 2015-2024"
cathedral-gorge-nv,1,42,24,6,"Open-Meteo ERA5 historical, 2015-2024"
cathedral-gorge-nv,2,46,26,5,"Open-Meteo ERA5 historical, 2015-2024"
cathedral-gorge-nv,3,54,33,7,"Open-Meteo ERA5 historical, 2015-2024"
cathedral-gorge-nv,4,66,42,4,"Open-Meteo ERA5 historical, 2015-2024"
cathedral-gorge-nv,5,74,50,3,"Open-Meteo ERA5 historical, 2015-2024"
cathedral-gorge-nv,6,88,63,1,"Open-Meteo ERA5 historical, 2015-2024"
cathedral-gorge-nv,7,92,69,2,"Open-Meteo ERA5 historical, 2015-2024"
cathedral-gorge-nv,8,90,66,2,"Open-Meteo ERA5 historical, 2015-2024"
cathedral-gorge-nv,9,82,58,2,"Open-Meteo ERA5 historical, 2015-2024"
cathedral-gorge-nv,10,69,45,3,"Open-Meteo ERA5 historical, 2015-2024"
cathedral-gorge-nv,11,55,34,3,"Open-Meteo ERA5 historical, 2015-2024"
cathedral-gorge-nv,12,44,26,5,"Open-Meteo ERA5 historical, 2015-2024"
charleston-peak-nv,1,23,10,7,"Open-Meteo ERA5 historical, 2015-2024"
charleston-peak-nv,2,24,10,6,"Open-Meteo ERA5 historical, 2015-2024"
charleston-peak-nv,3,27,12,9,"Open-Meteo ERA5 historical, 2015-2024"
charleston-peak-nv,4,37,20,5,"Open-Meteo ERA5 historical, 2015-2024"
charleston-peak-nv,5,45,27,9,"Open-Meteo ERA5 historical, 2015-2024"
charleston-peak-nv,6,59,40,5,"Open-Meteo ERA5 historical, 2015-2024"
charleston-peak-nv,7,62,46,11,"Open-Meteo ERA5 historical, 2015-2024"
charleston-peak-nv,8,60,44,9,"Open-Meteo ERA5 historical, 2015-2024"
charleston-peak-nv,9,54,38,6,"Open-Meteo ERA5 historical, 2015-2024"
charleston-peak-nv,10,44,29,4,"Open-Meteo ERA5 historical, 2015-2024"
charleston-peak-nv,11,34,19,3,"Open-Meteo ERA5 historical, 2015-2024"
charleston-peak-nv,12,27,13,6,"Open-Meteo ERA5 historical, 2015-2024"
convict-lake-loop-ca,1,37,23,8,"Open-Meteo ERA5 historical, 2015-2024"
convict-lake-loop-ca,2,38,22,7,"Open-Meteo ERA5 historical, 2015-2024"
convict-lake-loop-ca,3,39,24,9,"Open-Meteo ERA5 historical, 2015-2024"
convict-lake-loop-ca,4,48,30,5,"Open-Meteo ERA5 historical, 2015-2024"
convict-lake-loop-ca,5,57,36,7,"Open-Meteo ERA5 historical, 2015-2024"
convict-lake-loop-ca,6,72,48,2,"Open-Meteo ERA5 historical, 2015-2024"
convict-lake-loop-ca,7,79,55,2,"Open-Meteo ERA5 historical, 2015-2024"
convict-lake-loop-ca,8,78,54,2,"Open-Meteo ERA5 historical, 2015-2024"
convict-lake-loop-ca,9,71,48,1,"Open-Meteo ERA5 historical, 2015-2024"
convict-lake-loop-ca,10,61,39,3,"Open-Meteo ERA5 historical, 2015-2024"
convict-lake-loop-ca,11,48,30,4,"Open-Meteo ERA5 historical, 2015-2024"
convict-lake-loop-ca,12,39,23,8,"Open-Meteo ERA5 historical, 2015-2024"
crystal-cove-el-moro-ca,1,65,49,6,"Open-Meteo ERA5 historical, 2015-2024"
crystal-cove-el-moro-ca,2,66,49,6,"Open-Meteo ERA5 historical, 2015-2024"
crystal-cove-el-moro-ca,3,66,51,8,"Open-Meteo ERA5 historical, 2015-2024"
crystal-cove-el-moro-ca,4,70,55,3,"Open-Meteo ERA5 historical, 2015-2024"
crystal-cove-el-moro-ca,5,69,57,4,"Open-Meteo ERA5 historical, 2015-2024"
crystal-cove-el-moro-ca,6,75,61,1,"Open-Meteo ERA5 historical, 2015-2024"
crystal-cove-el-moro-ca,7,79,64,0,"Open-Meteo ERA5 historical, 2015-2024"
crystal-cove-el-moro-ca,8,80,66,1,"Open-Meteo ERA5 historical, 2015-2024"
crystal-cove-el-moro-ca,9,80,65,1,"Open-Meteo ERA5 historical, 2015-2024"
crystal-cove-el-moro-ca,10,78,61,2,"Open-Meteo ERA5 historical, 2015-2024"
crystal-cove-el-moro-ca,11,72,54,3,"Open-Meteo ERA5 historical, 2015-2024"
crystal-cove-el-moro-ca,12,65,50,5,"Open-Meteo ERA5 historical, 2015-2024"
delicate-arch-ut,1,41,24,5,"Open-Meteo ERA5 historical, 2015-2024"
delicate-arch-ut,2,49,28,5,"Open-Meteo ERA5 historical, 2015-2024"
delicate-arch-ut,3,60,37,7,"Open-Meteo ERA5 historical, 2015-2024"
delicate-arch-ut,4,71,45,3,"Open-Meteo ERA5 historical, 2015-2024"
delicate-arch-ut,5,80,54,4,"Open-Meteo ERA5 historical, 2015-2024"
delicate-arch-ut,6,93,67,1,"Open-Meteo ERA5 historical, 2015-2024"
delicate-arch-ut,7,98,73,2,"Open-Meteo ERA5 historical, 2015-2024"
delicate-arch-ut,8,95,70,2,"Open-Meteo ERA5 historical, 2015-2024"
delicate-arch-ut,9,87,60,2,"Open-Meteo ERA5 historical, 2015-2024"
delicate-arch-ut,10,70,45,5,"Open-Meteo ERA5 historical, 2015-2024"
delicate-arch-ut,11,54,33,4,"Open-Meteo ERA5 historical, 2015-2024"
delicate-arch-ut,12,42,24,5,"Open-Meteo ERA5 historical, 2015-2024"
eagle-lake-desolation-ca,1,35,22,12,"Open-Meteo ERA5 historical, 2015-2024"
eagle-lake-desolation-ca,2,35,21,10,"Open-Meteo ERA5 historical, 2015-2024"
eagle-lake-desolation-ca,3,37,23,14,"Open-Meteo ERA5 historical, 2015-2024"
eagle-lake-desolation-ca,4,44,27,8,"Open-Meteo ERA5 historical, 2015-2024"
eagle-lake-desolation-ca,5,52,32,10,"Open-Meteo ERA5 historical, 2015-2024"
eagle-lake-desolation-ca,6,66,44,4,"Open-Meteo ERA5 historical, 2015-2024"
eagle-lake-desolation-ca,7,75,52,2,"Open-Meteo ERA5 historical, 2015-2024"
eagle-lake-desolation-ca,8,74,51,3,"Open-Meteo ERA5 historical, 2015-2024"
eagle-lake-desolation-ca,9,66,45,4,"Open-Meteo ERA5 historical, 2015-2024"
eagle-lake-desolation-ca,10,56,36,4,"Open-Meteo ERA5 historical, 2015-2024"
eagle-lake-desolation-ca,11,42,26,9,"Open-Meteo ERA5 historical, 2015-2024"
eagle-lake-desolation-ca,12,35,22,11,"Open-Meteo ERA5 historical, 2015-2024"
emerald-lake-rmnp-co,1,23,9,11,"Open-Meteo ERA5 historical, 2015-2024"
emerald-lake-rmnp-co,2,25,9,12,"Open-Meteo ERA5 historical, 2015-2024"
emerald-lake-rmnp-co,3,32,14,13,"Open-Meteo ERA5 historical, 2015-2024"
emerald-lake-rmnp-co,4,39,20,14,"Open-Meteo ERA5 historical, 2015-2024"
emerald-lake-rmnp-co,5,47,27,16,"Open-Meteo ERA5 historical, 2015-2024"
emerald-lake-rmnp-co,6,60,36,11,"Open-Meteo ERA5 historical, 2015-2024"
emerald-lake-rmnp-co,7,67,42,17,"Open-Meteo ERA5 historical, 2015-2024"
emerald-lake-rmnp-co,8,66,42,15,"Open-Meteo ERA5 historical, 2015-2024"
emerald-lake-rmnp-co,9,61,37,10,"Open-Meteo ERA5 historical, 2015-2024"
emerald-lake-rmnp-co,10,46,25,8,"Open-Meteo ERA5 historical, 2015-2024"
emerald-lake-rmnp-co,11,32,15,9,"Open-Meteo ERA5 historical, 2015-2024"
emerald-lake-rmnp-co,12,24,9,11,"Open-Meteo ERA5 historical, 2015-2024"
garden-of-the-gods-co,1,41,16,5,"Open-Meteo ERA5 historical, 2015-2024"
garden-of-the-gods-co,2,43,17,5,"Open-Meteo ERA5 historical, 2015-2024"
garden-of-the-gods-co,3,52,24,6,"Open-Meteo ERA5 historical, 2015-2024"
garden-of-the-gods-co,4,60,31,8,"Open-Meteo ERA5 historical, 2015-2024"
garden-of-the-gods-co,5,67,41,12,"Open-Meteo ERA5 historical, 2015-2024"
garden-of-the-gods-co,6,81,52,8,"Open-Meteo ERA5 historical, 2015-2024"
garden-of-the-gods-co,7,84,57,9,"Open-Meteo ERA5 historical, 2015-2024"
garden-of-the-gods-co,8,83,56,6,"Open-Meteo ERA5 historical, 2015-2024"
garden-of-the-gods-co,9,79,50,4,"Open-Meteo ERA5 historical, 2015-2024"
garden-of-the-gods-co,10,65,37,4,"Open-Meteo ERA5 historical, 2015-2024"
garden-of-the-gods-co,11,51,25,5,"Open-Meteo ERA5 historical, 2015-2024"
garden-of-the-gods-co,12,43,19,3,"Open-Meteo ERA5 historical, 2015-2024"
half-dome-yosemite-ca,1,37,16,10,"Open-Meteo ERA5 historical, 2015-2024"
half-dome-yosemite-ca,2,37,16,9,"Open-Meteo ERA5 historical, 2015-2024"
half-dome-yosemite-ca,3,38,18,12,"Open-Meteo ERA5 historical, 2015-2024"
half-dome-yosemite-ca,4,45,23,8,"Open-Meteo ERA5 historical, 2015-2024"
half-dome-yosemite-ca,5,51,27,10,"Open-Meteo ERA5 historical, 2015-2024"
half-dome-yosemite-ca,6,66,39,5,"Open-Meteo ERA5 historical, 2015-2024"
half-dome-yosemite-ca,7,74,47,4,"Open-Meteo ERA5 historical, 2015-2024"
half-dome-yosemite-ca,8,73,46,4,"Open-Meteo ERA5 historical, 2015-2024"
half-dome-yosemite-ca,9,66,39,4,"Open-Meteo ERA5 historical, 2015-2024"
half-dome-yosemite-ca,10,58,31,4,"Open-Meteo ERA5 historical, 2015-2024"
half-dome-yosemite-ca,11,45,21,6,"Open-Meteo ERA5 historical, 2015-2024"
half-dome-yosemite-ca,12,38,16,10,"Open-Meteo ERA5 historical, 2015-2024"
hanging-lake-co,1,30,12,10,"Open-Meteo ERA5 historical, 2015-2024"
hanging-lake-co,2,32,14,10,"Open-Meteo ERA5 historical, 2015-2024"
hanging-lake-co,3,40,20,12,"Open-Meteo ERA5 historical, 2015-2024"
hanging-lake-co,4,47,25,9,"Open-Meteo ERA5 historical, 2015-2024"
hanging-lake-co,5,57,31,9,"Open-Meteo ERA5 historical, 2015-2024"
hanging-lake-co,6,74,44,5,"Open-Meteo ERA5 historical, 2015-2024"
hanging-lake-co,7,79,50,5,"Open-Meteo ERA5 historical, 2015-2024"
hanging-lake-co,8,77,49,6,"Open-Meteo ERA5 historical, 2015-2024"
hanging-lake-co,9,70,43,6,"Open-Meteo ERA5 historical, 2015-2024"
hanging-lake-co,10,55,30,8,"Open-Meteo ERA5 historical, 2015-2024"
hanging-lake-co,11,40,18,8,"Open-Meteo ERA5 historical, 2015-2024"
hanging-lake-co,12,31,11,10,"Open-Meteo ERA5 historical, 2015-2024"
havasu-falls-az,1,53,34,6,"Open-Meteo ERA5 historical, 2015-2024"
havasu-falls-az,2,59,37,4,"Open-Meteo ERA5 historical, 2015-2024"
havasu-falls-az,3,67,43,7,"Open-Meteo ERA5 historical, 2015-2024"
havasu-falls-az,4,78,52,3,"Open-Meteo ERA5 historical, 2015-2024"
havasu-falls-az,5,84,59,3,"Open-Meteo ERA5 historical, 2015-2024"
havasu-falls-az,6,98,72,1,"Open-Meteo ERA5 historical, 2015-2024"
havasu-falls-az,7,100,77,3,"Open-Meteo ERA5 historical, 2015-2024"
havasu-falls-az,8,97,73,5,"Open-Meteo ERA5 historical, 2015-2024"
havasu-falls-az,9,92,66,3,"Open-Meteo ERA5 historical, 2015-2024"
havasu-falls-az,10,79,54,4,"Open-Meteo ERA5 historical, 2015-2024"
havasu-falls-az,11,65,42,2,"Open-Meteo ERA5 historical, 2015-2024"
havasu-falls-az,12,55,35,4,"Open-Meteo ERA5 historical, 2015-2024"
hermit-trail-gc-az,1,41,25,7,"Open-Meteo ERA5 historical, 2015-2024"
hermit-trail-gc-az,2,47,27,5,"Open-Meteo ERA5 historical, 2015-2024"
hermit-trail-gc-az,3,54,33,7,"Open-Meteo ERA5 historical, 2015-2024"
hermit-trail-gc-az,4,66,41,4,"Open-Meteo ERA5 historical, 2015-2024"
hermit-trail-gc-az,5,73,49,4,"Open-Meteo ERA5 historical, 2015-2024"
hermit-trail-gc-az,6,86,61,2,"Open-Meteo ERA5 historical, 2015-2024"
hermit-trail-gc-az,7,89,66,6,"Open-Meteo ERA5 historical, 2015-2024"
hermit-trail-gc-az,8,85,64,8,"Open-Meteo ERA5 historical, 2015-2024"
hermit-trail-gc-az,9,80,57,4,"Open-Meteo ERA5 historical, 2015-2024"
hermit-trail-gc-az,10,68,46,4,"Open-Meteo ERA5 historical, 2015-2024"
hermit-trail-gc-az,11,55,34,3,"Open-Meteo ERA5 historical, 2015-2024"
hermit-trail-gc-az,12,44,28,5,"Open-Meteo ERA5 historical, 2015-2024"
hoover-dam-trail-nv,1,62,46,4,"Open-Meteo ERA5 historical, 2015-2024"
hoover-dam-trail-nv,2,68,49,3,"Open-Meteo ERA5 historical, 2015-2024"
hoover-dam-trail-nv,3,75,55,4,"Open-Meteo ERA5 historical, 2015-2024"
hoover-dam-trail-nv,4,86,63,1,"Open-Meteo ERA5 historical, 2015-2024"
hoover-dam-trail-nv,5,93,71,1,"Open-Meteo ERA5 historical, 2015-2024"
hoover-dam-trail-nv,6,106,83,0,"Open-Meteo ERA5 historical, 2015-2024"
hoover-dam-trail-nv,7,109,88,2,"Open-Meteo ERA5 historical, 2015-2024"
hoover-dam-trail-nv,8,107,86,2,"Open-Meteo ERA5 historical, 2015-2024"
hoover-dam-trail-nv,9,100,79,2,"Open-Meteo ERA5 historical, 2015-2024"
hoover-dam-trail-nv,10,87,67,2,"Open-Meteo ERA5 historical, 2015-2024"
hoover-dam-trail-nv,11,72,54,1,"Open-Meteo ERA5 historical, 2015-2024"
hoover-dam-trail-nv,12,62,47,2,"Open-Meteo ERA5 historical, 2015-2024"
ice-lake-basin-co,1,21,2,11,"Open-Meteo ERA5 historical, 2015-2024"
ice-lake-basin-co,2,22,3,11,"Open-Meteo ERA5 historical, 2015-2024"
ice-lake-basin-co,3,27,9,14,"Open-Meteo ERA5 historical, 2015-2024"
ice-lake-basin-co,4,35,14,11,"Open-Meteo ERA5 historical, 2015-2024"
ice-lake-basin-co,5,42,21,12,"Open-Meteo ERA5 historical, 2015-2024"
ice-lake-basin-co,6,54,29,8,"Open-Meteo ERA5 historical, 2015-2024"
ice-lake-basin-co,7,61,36,18,"Open-Meteo ERA5 historical, 2015-2024"
ice-lake-basin-co,8,59,35,17,"Open-Meteo ERA5 historical, 2015-2024"
ice-lake-basin-co,9,54,30,10,"Open-Meteo ERA5 historical, 2015-2024"
ice-lake-basin-co,10,42,19,9,"Open-Meteo ERA5 historical, 2015-2024"
ice-lake-basin-co,11,30,6,8,"Open-Meteo ERA5 historical, 2015-2024"
ice-lake-basin-co,12,22,0,10,"Open-Meteo ERA5 historical, 2015-2024"
kanab-creek-wilderness-az,1,44,26,6,"Open-Meteo ERA5 historical, 2015-2024"
kanab-creek-wilderness-az,2,51,29,6,"Open-Meteo ERA5 historical, 2015-2024"
kanab-creek-wilderness-az,3,59,35,7,"Open-Meteo ERA5 historical, 2015-2024"
kanab-creek-wilderness-az,4,71,42,3,"Open-Meteo ERA5 historical, 2015-2024"
kanab-creek-wilderness-az,5,78,51,3,"Open-Meteo ERA5 historical, 2015-2024"
kanab-creek-wilderness-az,6,92,63,1,"Open-Meteo ERA5 historical, 2015-2024"
kanab-creek-wilderness-az,7,95,69,2,"Open-Meteo ERA5 historical, 2015-2024"
kanab-creek-wilderness-az,8,92,66,4,"Open-Meteo ERA5 historical, 2015-2024"
kanab-creek-wilderness-az,9,86,58,2,"Open-Meteo ERA5 historical, 2015-2024"
kanab-creek-wilderness-az,10,72,46,4,"Open-Meteo ERA5 historical, 2015-2024"
kanab-creek-wilderness-az,11,58,34,2,"Open-Meteo ERA5 historical, 2015-2024"
kanab-creek-wilderness-az,12,47,28,5,"Open-Meteo ERA5 historical, 2015-2024"
kanarra-creek-ut,1,38,21,8,"Open-Meteo ERA5 historical, 2015-2024"
kanarra-creek-ut,2,41,23,6,"Open-Meteo ERA5 historical, 2015-2024"
kanarra-creek-ut,3,48,29,8,"Open-Meteo ERA5 historical, 2015-2024"
kanarra-creek-ut,4,60,36,5,"Open-Meteo ERA5 historical, 2015-2024"
kanarra-creek-ut,5,68,44,6,"Open-Meteo ERA5 historical, 2015-2024"
kanarra-creek-ut,6,83,57,1,"Open-Meteo ERA5 historical, 2015-2024"
kanarra-creek-ut,7,87,63,5,"Open-Meteo ERA5 historical, 2015-2024"
kanarra-creek-ut,8,84,61,6,"Open-Meteo ERA5 historical, 2015-2024"
kanarra-creek-ut,9,78,53,2,"Open-Meteo ERA5 historical, 2015-2024"
kanarra-creek-ut,10,65,41,3,"Open-Meteo ERA5 historical, 2015-2024"
kanarra-creek-ut,11,51,30,4,"Open-Meteo ERA5 historical, 2015-2024"
kanarra-creek-ut,12,40,23,6,"Open-Meteo ERA5 historical, 2015-2024"
lone-pine-lake-ca,1,35,25,8,"Open-Meteo ERA5 historical, 2015-2024"
lone-pine-lake-ca,2,35,24,7,"Open-Meteo ERA5 historical, 2015-2024"
lone-pine-lake-ca,3,36,25,8,"Open-Meteo ERA5 historical, 2015-2024"
lone-pine-lake-ca,4,45,33,4,"Open-Meteo ERA5 historical, 2015-2024"
lone-pine-lake-ca,5,53,38,8,"Open-Meteo ERA5 historical, 2015-2024"
lone-pine-lake-ca,6,67,51,5,"Open-Meteo ERA5 historical, 2015-2024"
lone-pine-lake-ca,7,73,58,8,"Open-Meteo ERA5 historical, 2015-2024"
lone-pine-lake-ca,8,72,57,5,"Open-Meteo ERA5 historical, 2015-2024"
lone-pine-lake-ca,9,66,51,3,"Open-Meteo ERA5 historical, 2015-2024"
lone-pine-lake-ca,10,57,43,2,"Open-Meteo ERA5 historical, 2015-2024"
lone-pine-lake-ca,11,44,32,4,"Open-Meteo ERA5 historical, 2015-2024"
lone-pine-lake-ca,12,37,26,7,"Open-Meteo ERA5 historical, 2015-2024"
marlette-lake-ca,1,35,23,10,"Open-Meteo ERA5 historical, 2015-2024"
marlette-lake-ca,2,37,23,9,"Open-Meteo ERA5 historical, 2015-2024"
marlette-lake-ca,3,39,25,11,"Open-Meteo ERA5 historical, 2015-2024"
marlette-lake-ca,4,47,30,7,"Open-Meteo ERA5 historical, 2015-2024"
marlette-lake-ca,5,56,37,9,"Open-Meteo ERA5 historical, 2015-2024"
marlette-lake-ca,6,69,47,2,"Open-Meteo ERA5 historical, 2015-2024"
marlette-lake-ca,7,78,55,2,"Open-Meteo ERA5 historical, 2015-2024"
marlette-lake-ca,8,77,55,2,"Open-Meteo ERA5 historical, 2015-2024"
marlette-lake-ca,9,69,49,3,"Open-Meteo ERA5 historical, 2015-2024"
marlette-lake-ca,10,58,39,4,"Open-Meteo ERA5 historical, 2015-2024"
marlette-lake-ca,11,44,29,8,"Open-Meteo ERA5 historical, 2015-2024"
marlette-lake-ca,12,36,23,11,"Open-Meteo ERA5 historical, 2015-2024"
maroon-bells-crater-lake-co,1,17,1,13,"Open-Meteo ERA5 historical, 2015-2024"
maroon-bells-crater-lake-co,2,18,2,14,"Open-Meteo ERA5 historical, 2015-2024"
maroon-bells-crater-lake-co,3,24,7,15,"Open-Meteo ERA5 historical, 2015-2024"
maroon-bells-crater-lake-co,4,31,12,13,"Open-Meteo ERA5 historical, 2015-2024"
maroon-bells-crater-lake-co,5,39,20,15,"Open-Meteo ERA5 historical, 2015-2024"
maroon-bells-crater-lake-co,6,51,29,9,"Open-Meteo ERA5 historical, 2015-2024"
maroon-bells-crater-lake-co,7,58,37,17,"Open-Meteo ERA5 historical, 2015-2024"
maroon-bells-crater-lake-co,8,57,36,14,"Open-Meteo ERA5 historical, 2015-2024"
maroon-bells-crater-lake-co,9,51,30,10,"Open-Meteo ERA5 historical, 2015-2024"
maroon-bells-crater-lake-co,10,38,18,9,"Open-Meteo ERA5 historical, 2015-2024"
maroon-bells-crater-lake-co,11,25,5,10,"Open-Meteo ERA5 historical, 2015-2024"
maroon-bells-crater-lake-co,12,18,0,12,"Open-Meteo ERA5 historical, 2015-2024"
mary-jane-falls-nv,1,35,22,7,"Open-Meteo ERA5 historical, 2015-2024"
mary-jane-falls-nv,2,35,21,6,"Open-Meteo ERA5 historical, 2015-2024"
mary-jane-falls-nv,3,38,24,9,"Open-Meteo ERA5 historical, 2015-2024"
mary-jane-falls-nv,4,48,31,5,"Open-Meteo ERA5 historical, 2015-2024"
mary-jane-falls-nv,5,56,39,9,"Open-Meteo ERA5 historical, 2015-2024"
mary-jane-falls-nv,6,70,52,5,"Open-Meteo ERA5 historical, 2015-2024"
mary-jane-falls-nv,7,74,57,11,"Open-Meteo ERA5 historical, 2015-2024"
mary-jane-falls-nv,8,72,55,9,"Open-Meteo ERA5 historical, 2015-2024"
mary-jane-falls-nv,9,66,49,6,"Open-Meteo ERA5 historical, 2015-2024"
mary-jane-falls-nv,10,56,40,4,"Open-Meteo ERA5 historical, 2015-2024"
mary-jane-falls-nv,11,45,30,3,"Open-Meteo ERA5 historical, 2015-2024"
mary-jane-falls-nv,12,38,24,6,"Open-Meteo ERA5 historical, 2015-2024"
mist-trail-vernal-fall-ca,1,50,29,10,"Open-Meteo ERA5 historical, 2015-2024"
mist-trail-vernal-fall-ca,2,50,29,9,"Open-Meteo ERA5 historical, 2015-2024"
mist-trail-vernal-fall-ca,3,51,31,13,"Open-Meteo ERA5 historical, 2015-2024"
mist-trail-vernal-fall-ca,4,59,34,8,"Open-Meteo ERA5 historical, 2015-2024"
mist-trail-vernal-fall-ca,5,67,40,9,"Open-Meteo ERA5 historical, 2015-2024"
mist-trail-vernal-fall-ca,6,79,51,3,"Open-Meteo ERA5 historical, 2015-2024"
mist-trail-vernal-fall-ca,7,87,59,1,"Open-Meteo ERA5 historical, 2015-2024"
mist-trail-vernal-fall-ca,8,85,58,2,"Open-Meteo ERA5 historical, 2015-2024"
mist-trail-vernal-fall-ca,9,79,52,2,"Open-Meteo ERA5 historical, 2015-2024"
mist-trail-vernal-fall-ca,10,70,43,3,"Open-Meteo ERA5 historical, 2015-2024"
mist-trail-vernal-fall-ca,11,57,33,6,"Open-Meteo ERA5 historical, 2015-2024"
mist-trail-vernal-fall-ca,12,51,28,9,"Open-Meteo ERA5 historical, 2015-2024"
mount-moriah-nv,1,19,7,7,"Open-Meteo ERA5 historical, 2015-2024"
mount-moriah-nv,2,20,6,6,"Open-Meteo ERA5 historical, 2015-2024"
mount-moriah-nv,3,25,11,9,"Open-Meteo ERA5 historical, 2015-2024"
mount-moriah-nv,4,35,18,8,"Open-Meteo ERA5 historical, 2015-2024"
mount-moriah-nv,5,44,26,15,"Open-Meteo ERA5 historical, 2015-2024"
mount-moriah-nv,6,60,40,9,"Open-Meteo ERA5 historical, 2015-2024"
mount-moriah-nv,7,66,48,12,"Open-Meteo ERA5 historical, 2015-2024"
mount-moriah-nv,8,64,46,10,"Open-Meteo ERA5 historical, 2015-2024"
mount-moriah-nv,9,56,39,7,"Open-Meteo ERA5 historical, 2015-2024"
mount-moriah-nv,10,43,27,6,"Open-Meteo ERA5 historical, 2015-2024"
mount-moriah-nv,11,29,15,5,"Open-Meteo ERA5 historical, 2015-2024"
mount-moriah-nv,12,21,7,6,"Open-Meteo ERA5 historical, 2015-2024"
mount-whitney-ca,1,14,3,9,"Open-Meteo ERA5 historical, 2015-2024"
mount-whitney-ca,2,14,2,8,"Open-Meteo ERA5 historical, 2015-2024"
mount-whitney-ca,3,14,2,10,"Open-Meteo ERA5 historical, 2015-2024"
mount-whitney-ca,4,22,10,5,"Open-Meteo ERA5 historical, 2015-2024"
mount-whitney-ca,5,28,15,8,"Open-Meteo ERA5 historical, 2015-2024"
mount-whitney-ca,6,43,27,7,"Open-Meteo ERA5 historical, 2015-2024"
mount-whitney-ca,7,50,35,10,"Open-Meteo ERA5 historical, 2015-2024"
mount-whitney-ca,8,49,34,8,"Open-Meteo ERA5 historical, 2015-2024"
mount-whitney-ca,9,44,28,5,"Open-Meteo ERA5 historical, 2015-2024"
mount-whitney-ca,10,36,21,3,"Open-Meteo ERA5 historical, 2015-2024"
mount-whitney-ca,11,24,10,5,"Open-Meteo ERA5 historical, 2015-2024"
mount-whitney-ca,12,16,4,8,"Open-Meteo ERA5 historical, 2015-2024"
narrows-top-down-zion-ut,1,38,22,7,"Open-Meteo ERA5 historical, 2015-2024"
narrows-top-down-zion-ut,2,40,22,7,"Open-Meteo ERA5 historical, 2015-2024"
narrows-top-down-zion-ut,3,45,26,10,"Open-Meteo ERA5 historical, 2015-2024"
narrows-top-down-zion-ut,4,57,33,5,"Open-Meteo ERA5 historical, 2015-2024"
narrows-top-down-zion-ut,5,66,41,8,"Open-Meteo ERA5 historical, 2015-2024"
narrows-top-down-zion-ut,6,80,53,3,"Open-Meteo ERA5 historical, 2015-2024"
narrows-top-down-zion-ut,7,84,59,6,"Open-Meteo ERA5 historical, 2015-2024"
narrows-top-down-zion-ut,8,81,57,7,"Open-Meteo ERA5 historical, 2015-2024"
narrows-top-down-zion-ut,9,75,51,5,"Open-Meteo ERA5 historical, 2015-2024"
narrows-top-down-zion-ut,10,63,40,5,"Open-Meteo ERA5 historical, 2015-2024"
narrows-top-down-zion-ut,11,50,29,5,"Open-Meteo ERA5 historical, 2015-2024"
narrows-top-down-zion-ut,12,41,22,6,"Open-Meteo ERA5 historical, 2015-2024"
nelson-ghost-town-nv,1,54,38,4,"Open-Meteo ERA5 historical, 2015-2024"
nelson-ghost-town-nv,2,59,40,4,"Open-Meteo ERA5 historical, 2015-2024"
nelson-ghost-town-nv,3,66,46,5,"Open-Meteo ERA5 historical, 2015-2024"
nelson-ghost-town-nv,4,77,54,2,"Open-Meteo ERA5 historical, 2015-2024"
nelson-ghost-town-nv,5,84,60,2,"Open-Meteo ERA5 historical, 2015-2024"
nelson-ghost-town-nv,6,96,72,0,"Open-Meteo ERA5 historical, 2015-2024"
nelson-ghost-town-nv,7,100,78,3,"Open-Meteo ERA5 historical, 2015-2024"
nelson-ghost-town-nv,8,98,76,4,"Open-Meteo ERA5 historical, 2015-2024"
nelson-ghost-town-nv,9,91,70,2,"Open-Meteo ERA5 historical, 2015-2024"
nelson-ghost-town-nv,10,78,58,2,"Open-Meteo ERA5 historical, 2015-2024"
nelson-ghost-town-nv,11,63,45,2,"Open-Meteo ERA5 historical, 2015-2024"
nelson-ghost-town-nv,12,54,38,2,"Open-Meteo ERA5 historical, 2015-2024"
paria-canyon-az,1,42,25,5,"Open-Meteo ERA5 historical, 2015-2024"
paria-canyon-az,2,49,27,4,"Open-Meteo ERA5 historical, 2015-2024"
paria-canyon-az,3,58,34,5,"Open-Meteo ERA5 historical, 2015-2024"
paria-canyon-az,4,71,42,3,"Open-Meteo ERA5 historical, 2015-2024"
paria-canyon-az,5,78,51,3,"Open-Meteo ERA5 historical, 2015-2024"
paria-canyon-az,6,92,63,1,"Open-Meteo ERA5 historical, 2015-2024"
paria-canyon-az,7,96,69,2,"Open-Meteo ERA5 historical, 2015-2024"
paria-canyon-az,8,92,65,4,"Open-Meteo ERA5 historical, 2015-2024"
paria-canyon-az,9,85,58,2,"Open-Meteo ERA5 historical, 2015-2024"
paria-canyon-az,10,71,45,3,"Open-Meteo ERA5 historical, 2015-2024"
paria-canyon-az,11,55,33,2,"Open-Meteo ERA5 historical, 2015-2024"
paria-canyon-az,12,44,26,4,"Open-Meteo ERA5 historical, 2015-2024"
peek-a-boo-loop-bryce-ut,1,31,17,6,"Open-Meteo ERA5 historical, 2015-2024"
peek-a-boo-loop-bryce-ut,2,34,18,6,"Open-Meteo ERA5 historical, 2015-2024"
peek-a-boo-loop-bryce-ut,3,41,24,7,"Open-Meteo ERA5 historical, 2015-2024"
peek-a-boo-loop-bryce-ut,4,53,32,5,"Open-Meteo ERA5 historical, 2015-2024"
peek-a-boo-loop-bryce-ut,5,62,41,8,"Open-Meteo ERA5 historical, 2015-2024"
peek-a-boo-loop-bryce-ut,6,77,53,4,"Open-Meteo ERA5 historical, 2015-2024"
peek-a-boo-loop-bryce-ut,7,81,59,9,"Open-Meteo ERA5 historical, 2015-2024"
peek-a-boo-loop-bryce-ut,8,78,57,10,"Open-Meteo ERA5 historical, 2015-2024"
peek-a-boo-loop-bryce-ut,9,71,50,5,"Open-Meteo ERA5 historical, 2015-2024"
peek-a-boo-loop-bryce-ut,10,58,39,4,"Open-Meteo ERA5 historical, 2015-2024"
peek-a-boo-loop-bryce-ut,11,45,28,4,"Open-Meteo ERA5 historical, 2015-2024"
peek-a-boo-loop-bryce-ut,12,34,20,5,"Open-Meteo ERA5 historical, 2015-2024"
petroglyph-canyon-gold-butte-nv,1,38,24,7,"Open-Meteo ERA5 historical, 2015-2024"
petroglyph-canyon-gold-butte-nv,2,41,26,6,"Open-Meteo ERA5 historical, 2015-2024"
petroglyph-canyon-gold-butte-nv,3,48,31,8,"Open-Meteo ERA5 historical, 2015-2024"
petroglyph-canyon-gold-butte-nv,4,59,39,4,"Open-Meteo ERA5 historical, 2015-2024"
petroglyph-canyon-gold-butte-nv,5,66,47,4,"Open-Meteo ERA5 historical, 2015-2024"
petroglyph-canyon-gold-butte-nv,6,80,60,1,"Open-Meteo ERA5 historical, 2015-2024"
petroglyph-canyon-gold-butte-nv,7,83,66,5,"Open-Meteo ERA5 historical, 2015-2024"
petroglyph-canyon-gold-butte-nv,8,80,63,5,"Open-Meteo ERA5 historical, 2015-2024"
petroglyph-canyon-gold-butte-nv,9,74,57,4,"Open-Meteo ERA5 historical, 2015-2024"
petroglyph-canyon-gold-butte-nv,10,61,45,3,"Open-Meteo ERA5 historical, 2015-2024"
petroglyph-canyon-gold-butte-nv,11,48,33,3,"Open-Meteo ERA5 historical, 2015-2024"
petroglyph-canyon-gold-butte-nv,12,40,26,5,"Open-Meteo ERA5 historical, 2015-2024"
pine-valley-mountain-ut,1,38,25,7,"Open-Meteo ERA5 historical, 2015-2024"
pine-valley-mountain-ut,2,40,25,7,"Open-Meteo ERA5 historical, 2015-2024"
pine-valley-mountain-ut,3,45,30,10,"Open-Meteo ERA5 historical, 2015-2024"
pine-valley-mountain-ut,4,57,38,6,"Open-Meteo ERA5 historical, 2015-2024"
pine-valley-mountain-ut,5,65,45,7,"Open-Meteo ERA5 historical, 2015-2024"
pine-valley-mountain-ut,6,79,59,2,"Open-Meteo ERA5 historical, 2015-2024"
pine-valley-mountain-ut,7,83,64,6,"Open-Meteo ERA5 historical, 2015-2024"
pine-valley-mountain-ut,8,80,62,7,"Open-Meteo ERA5 historical, 2015-2024"
pine-valley-mountain-ut,9,74,56,6,"Open-Meteo ERA5 historical, 2015-2024"
pine-valley-mountain-ut,10,62,45,4,"Open-Meteo ERA5 historical, 2015-2024"
pine-valley-mountain-ut,11,49,33,4,"Open-Meteo ERA5 historical, 2015-2024"
pine-valley-mountain-ut,12,40,27,5,"Open-Meteo ERA5 historical, 2015-2024"
rhyolite-ghost-town-nv,1,53,33,4,"Open-Meteo ERA5 historical, 2015-2024"
rhyolite-ghost-town-nv,2,57,35,3,"Open-Meteo ERA5 historical, 2015-2024"
rhyolite-ghost-town-nv,3,63,41,5,"Open-Meteo ERA5 historical, 2015-2024"
rhyolite-ghost-town-nv,4,74,49,2,"Open-Meteo ERA5 historical, 2015-2024"
rhyolite-ghost-town-nv,5,80,56,2,"Open-Meteo ERA5 historical, 2015-2024"
rhyolite-ghost-town-nv,6,93,68,0,"Open-Meteo ERA5 historical, 2015-2024"
rhyolite-ghost-town-nv,7,98,75,1,"Open-Meteo ERA5 historical, 2015-2024"
rhyolite-ghost-town-nv,8,95,72,1,"Open-Meteo ERA5 historical, 2015-2024"
rhyolite-ghost-town-nv,9,88,63,0,"Open-Meteo ERA5 historical, 2015-2024"
rhyolite-ghost-town-nv,10,75,50,1,"Open-Meteo ERA5 historical, 2015-2024"
rhyolite-ghost-town-nv,11,61,39,2,"Open-Meteo ERA5 historical, 2015-2024"
rhyolite-ghost-town-nv,12,52,33,2,"Open-Meteo ERA5 historical, 2015-2024"
river-mountains-loop-nv,1,55,38,4,"Open-Meteo ERA5 historical, 2015-2024"
river-mountains-loop-nv,2,61,40,3,"Open-Meteo ERA5 historical, 2015-2024"
river-mountains-loop-nv,3,69,47,4,"Open-Meteo ERA5 historical, 2015-2024"
river-mountains-loop-nv,4,80,55,1,"Open-Meteo ERA5 historical, 2015-2024"
river-mountains-loop-nv,5,87,63,1,"Open-Meteo ERA5 historical, 2015-2024"
river-mountains-loop-nv,6,100,74,0,"Open-Meteo ERA5 historical, 2015-2024"
river-mountains-loop-nv,7,103,80,2,"Open-Meteo ERA5 historical, 2015-2024"
river-mountains-loop-nv,8,101,78,2,"Open-Meteo ERA5 historical, 2015-2024"
river-mountains-loop-nv,9,94,70,2,"Open-Meteo ERA5 historical, 2015-2024"
river-mountains-loop-nv,10,80,57,1,"Open-Meteo ERA5 historical, 2015-2024"
river-mountains-loop-nv,11,65,45,1,"Open-Meteo ERA5 historical, 2015-2024"
river-mountains-loop-nv,12,55,38,2,"Open-Meteo ERA5 historical, 2015-2024"
snow-canyon-rim-ut,1,51,34,6,"Open-Meteo ERA5 historical, 2015-2024"
snow-canyon-rim-ut,2,56,36,5,"Open-Meteo ERA5 historical, 2015-2024"
snow-canyon-rim-ut,3,63,43,7,"Open-Meteo ERA5 historical, 2015-2024"
snow-canyon-rim-ut,4,75,51,3,"Open-Meteo ERA5 historical, 2015-2024"
snow-canyon-rim-ut,5,82,59,2,"Open-Meteo ERA5 historical, 2015-2024"
snow-canyon-rim-ut,6,96,72,0,"Open-Meteo ERA5 historical, 2015-2024"
snow-canyon-rim-ut,7,100,78,3,"Open-Meteo ERA5 historical, 2015-2024"
snow-canyon-rim-ut,8,97,75,2,"Open-Meteo ERA5 historical, 2015-2024"
snow-canyon-rim-ut,9,90,68,1,"Open-Meteo ERA5 historical, 2015-2024"
snow-canyon-rim-ut,10,77,54,2,"Open-Meteo ERA5 historical, 2015-2024"
snow-canyon-rim-ut,11,62,42,3,"Open-Meteo ERA5 historical, 2015-2024"
snow-canyon-rim-ut,12,51,35,5,"Open-Meteo ERA5 historical, 2015-2024"
south-kaibab-gc-az,1,38,22,7,"Open-Meteo ERA5 historical, 2015-2024"
south-kaibab-gc-az,2,43,24,5,"Open-Meteo ERA5 historical, 2015-2024"
south-kaibab-gc-az,3,49,29,8,"Open-Meteo ERA5 historical, 2015-2024"
south-kaibab-gc-az,4,61,37,5,"Open-Meteo ERA5 historical, 2015-2024"
south-kaibab-gc-az,5,68,44,5,"Open-Meteo ERA5 historical, 2015-2024"
south-kaibab-gc-az,6,82,56,3,"Open-Meteo ERA5 historical, 2015-2024"
south-kaibab-gc-az,7,84,61,8,"Open-Meteo ERA5 historical, 2015-2024"
south-kaibab-gc-az,8,81,59,10,"Open-Meteo ERA5 historical, 2015-2024"
south-kaibab-gc-az,9,76,53,6,"Open-Meteo ERA5 historical, 2015-2024"
south-kaibab-gc-az,10,64,42,5,"Open-Meteo ERA5 historical, 2015-2024"
south-kaibab-gc-az,11,51,31,4,"Open-Meteo ERA5 historical, 2015-2024"
south-kaibab-gc-az,12,41,25,5,"Open-Meteo ERA5 historical, 2015-2024"
the-narrows-zion-ut,1,43,24,7,"Open-Meteo ERA5 historical, 2015-2024"
the-narrows-zion-ut,2,47,26,6,"Open-Meteo ERA5 historical, 2015-2024"
the-narrows-zion-ut,3,55,32,8,"Open-Meteo ERA5 historical, 2015-2024"
the-narrows-zion-ut,4,68,40,4,"Open-Meteo ERA5 historical, 2015-2024"
the-narrows-zion-ut,5,75,48,4,"Open-Meteo ERA5 historical, 2015-2024"
the-narrows-zion-ut,6,89,61,0,"Open-Meteo ERA5 historical, 2015-2024"
the-narrows-zion-ut,7,93,67,4,"Open-Meteo ERA5 historical, 2015-2024"
the-narrows-zion-ut,8,90,64,5,"Open-Meteo ERA5 historical, 2015-2024"
the-narrows-zion-ut,9,84,57,3,"Open-Meteo ERA5 historical, 2015-2024"
the-narrows-zion-ut,10,71,45,3,"Open-Meteo ERA5 historical, 2015-2024"
the-narrows-zion-ut,11,57,33,4,"Open-Meteo ERA5 historical, 2015-2024"
the-narrows-zion-ut,12,45,25,6,"Open-Meteo ERA5 historical, 2015-2024"
tokopah-falls-sequoia-ca,1,42,25,10,"Open-Meteo ERA5 historical, 2015-2024"
tokopah-falls-sequoia-ca,2,42,24,9,"Open-Meteo ERA5 historical, 2015-2024"
tokopah-falls-sequoia-ca,3,42,25,14,"Open-Meteo ERA5 historical, 2015-2024"
tokopah-falls-sequoia-ca,4,50,31,10,"Open-Meteo ERA5 historical, 2015-2024"
tokopah-falls-sequoia-ca,5,57,37,13,"Open-Meteo ERA5 historical, 2015-2024"
tokopah-falls-sequoia-ca,6,70,48,5,"Open-Meteo ERA5 historical, 2015-2024"
tokopah-falls-sequoia-ca,7,77,55,3,"Open-Meteo ERA5 historical, 2015-2024"
tokopah-falls-sequoia-ca,8,75,54,3,"Open-Meteo ERA5 historical, 2015-2024"
tokopah-falls-sequoia-ca,9,70,49,2,"Open-Meteo ERA5 historical, 2015-2024"
tokopah-falls-sequoia-ca,10,61,41,4,"Open-Meteo ERA5 historical, 2015-2024"
tokopah-falls-sequoia-ca,11,50,31,5,"Open-Meteo ERA5 historical, 2015-2024"
tokopah-falls-sequoia-ca,12,43,25,8,"Open-Meteo ERA5 historical, 2015-2024"
toroweap-overlook-az,1,50,31,6,"Open-Meteo ERA5 historical, 2015-2024"
toroweap-overlook-az,2,56,34,4,"Open-Meteo ERA5 historical, 2015-2024"
toroweap-overlook-az,3,63,40,7,"Open-Meteo ERA5 historical, 2015-2024"
toroweap-overlook-az,4,74,48,3,"Open-Meteo ERA5 historical, 2015-2024"
toroweap-overlook-az,5,81,56,3,"Open-Meteo ERA5 historical, 2015-2024"
toroweap-overlook-az,6,94,68,1,"Open-Meteo ERA5 historical, 2015-2024"
toroweap-overlook-az,7,97,73,3,"Open-Meteo ERA5 historical, 2015-2024"
toroweap-overlook-az,8,94,70,5,"Open-Meteo ERA5 historical, 2015-2024"
toroweap-overlook-az,9,89,63,3,"Open-Meteo ERA5 historical, 2015-2024"
toroweap-overlook-az,10,76,50,4,"Open-Meteo ERA5 historical, 2015-2024"
toroweap-overlook-az,11,62,38,2,"Open-Meteo ERA5 historical, 2015-2024"
toroweap-overlook-az,12,52,32,4,"Open-Meteo ERA5 historical, 2015-2024"
wave-rock-valley-of-fire-nv,1,57,40,5,"Open-Meteo ERA5 historical, 2015-2024"
wave-rock-valley-of-fire-nv,2,62,43,4,"Open-Meteo ERA5 historical, 2015-2024"
wave-rock-valley-of-fire-nv,3,70,50,4,"Open-Meteo ERA5 historical, 2015-2024"
wave-rock-valley-of-fire-nv,4,81,58,2,"Open-Meteo ERA5 historical, 2015-2024"
wave-rock-valley-of-fire-nv,5,88,66,1,"Open-Meteo ERA5 historical, 2015-2024"
wave-rock-valley-of-fire-nv,6,101,78,0,"Open-Meteo ERA5 historical, 2015-2024"
wave-rock-valley-of-fire-nv,7,105,84,2,"Open-Meteo ERA5 historical, 2015-2024"
wave-rock-valley-of-fire-nv,8,103,82,3,"Open-Meteo ERA5 historical, 2015-2024"
wave-rock-valley-of-fire-nv,9,96,74,1,"Open-Meteo ERA5 historical, 2015-2024"
wave-rock-valley-of-fire-nv,10,82,61,2,"Open-Meteo ERA5 historical, 2015-2024"
wave-rock-valley-of-fire-nv,11,67,49,1,"Open-Meteo ERA5 historical, 2015-2024"
wave-rock-valley-of-fire-nv,12,57,41,3,"Open-Meteo ERA5 historical, 2015-2024"
west-fork-oak-creek-az,1,46,28,8,"Open-Meteo ERA5 historical, 2015-2024"
west-fork-oak-creek-az,2,50,29,6,"Open-Meteo ERA5 historical, 2015-2024"
west-fork-oak-creek-az,3,55,33,9,"Open-Meteo ERA5 historical, 2015-2024"
west-fork-oak-creek-az,4,65,40,5,"Open-Meteo ERA5 historical, 2015-2024"
west-fork-oak-creek-az,5,72,47,5,"Open-Meteo ERA5 historical, 2015-2024"
west-fork-oak-creek-az,6,85,58,3,"Open-Meteo ERA5 historical, 2015-2024"
west-fork-oak-creek-az,7,87,63,10,"Open-Meteo ERA5 historical, 2015-2024"
west-fork-oak-creek-az,8,84,61,11,"Open-Meteo ERA5 historical, 2015-2024"
west-fork-oak-creek-az,9,79,56,6,"Open-Meteo ERA5 historical, 2015-2024"
west-fork-oak-creek-az,10,69,47,5,"Open-Meteo ERA5 historical, 2015-2024"
west-fork-oak-creek-az,11,57,37,4,"Open-Meteo ERA5 historical, 2015-2024"
west-fork-oak-creek-az,12,49,31,6,"Open-Meteo ERA5 historical, 2015-2024"
wheeler-peak-great-basin-nv,1,14,0,8,"Open-Meteo ERA5 historical, 2015-2024"
wheeler-peak-great-basin-nv,2,15,0,7,"Open-Meteo ERA5 historical, 2015-2024"
wheeler-peak-great-basin-nv,3,20,4,10,"Open-Meteo ERA5 historical, 2015-2024"
wheeler-peak-great-basin-nv,4,30,10,7,"Open-Meteo ERA5 historical, 2015-2024"
wheeler-peak-great-basin-nv,5,39,19,12,"Open-Meteo ERA5 historical, 2015-2024"
wheeler-peak-great-basin-nv,6,55,32,5,"Open-Meteo ERA5 historical, 2015-2024"
wheeler-peak-great-basin-nv,7,61,40,7,"Open-Meteo ERA5 historical, 2015-2024"
wheeler-peak-great-basin-nv,8,58,38,8,"Open-Meteo ERA5 historical, 2015-2024"
wheeler-peak-great-basin-nv,9,51,31,6,"Open-Meteo ERA5 historical, 2015-2024"
wheeler-peak-great-basin-nv,10,38,19,4,"Open-Meteo ERA5 historical, 2015-2024"
wheeler-peak-great-basin-nv,11,24,8,5,"Open-Meteo ERA5 historical, 2015-2024"
wheeler-peak-great-basin-nv,12,16,1,6,"Open-Meteo ERA5 historical, 2015-2024"
wire-pass-buckskin-az,1,39,24,6,"Open-Meteo ERA5 historical, 2015-2024"
wire-pass-buckskin-az,2,46,27,5,"Open-Meteo ERA5 historical, 2015-2024"
wire-pass-buckskin-az,3,55,33,6,"Open-Meteo ERA5 historical, 2015-2024"
wire-pass-buckskin-az,4,67,42,2,"Open-Meteo ERA5 historical, 2015-2024"
wire-pass-buckskin-az,5,75,50,3,"Open-Meteo ERA5 historical, 2015-2024"
wire-pass-buckskin-az,6,89,63,1,"Open-Meteo ERA5 historical, 2015-2024"
wire-pass-buckskin-az,7,92,68,2,"Open-Meteo ERA5 historical, 2015-2024"
wire-pass-buckskin-az,8,89,65,5,"Open-Meteo ERA5 historical, 2015-2024"
wire-pass-buckskin-az,9,82,58,3,"Open-Meteo ERA5 historical, 2015-2024"
wire-pass-buckskin-az,10,68,46,3,"Open-Meteo ERA5 historical, 2015-2024"
wire-pass-buckskin-az,11,53,34,2,"Open-Meteo ERA5 historical, 2015-2024"
wire-pass-buckskin-az,12,42,26,4,"Open-Meteo ERA5 historical, 2015-2024"
